"","estm","div","CI","CI_low","CI_high"
"kullback-leibler",1.05656190530283,0.172757766669328,0.95,0.35316645122315,0.98093488962337
"kullback-leibler1",1.08329314579054,0.182684156892322,0.95,0.359296629552393,0.981428433068153
"kullback-leibler2",0.779956730179246,0.0882502539036059,0.95,0.286362139532581,0.967536997028367
"kullback-leibler3",1.19545167808846,0.00472088702768946,0.95,0.385501893361966,0.983366053797881
"kullback-leibler4",1.11705286689955,0.00165277433525685,0.95,0.367104550730776,0.982033862674811
"kullback-leibler5",0.14413463110569,0.0618228257799276,0.95,0.157588586505826,0.91258372157408
"kullback-leibler6",2.90181922211317,0.121490306256387,0.95,0.778348514736465,0.997873047076323
"kullback-leibler7",2.4748873467739,0.0302173394399028,0.95,0.696172263207631,0.996744030064463
"kullback-leibler8",0.0496796264598555,0.1904756842971,0.95,0.124482772184745,0.882995941983728
