"","est","div","CI","CI_low","CI_high"
"kullback-leibler",4.26186285646914,0.0139486559246756,0.95,1.65953916626496e-07,0.999198900811455
"kullback-leibler1",4.91349089051646,0.0275606534336955,0.95,1.52524935054317e-08,0.999730504211791
"kullback-leibler2",9.54414119154532,0.109065106446974,0.95,6.55602368468748e-16,0.999999883371878
"kullback-leibler3",1.06269243362812,0.0712548723437375,0.95,0.107683576362969,0.891865440247295
"kullback-leibler4",1.22957713482427,0.0332896639122283,0.95,0.0796799719737024,0.919921627573795
"kullback-leibler5",2.09616614895784,0.00456712461445978,0.95,0.00524967396191135,0.973871292071782
"kullback-leibler6",1.18978294204914,0.133404553377447,0.95,0.0856834004850416,0.913904794811883
"kullback-leibler7",1.3259424974716,0.145195062148839,0.95,0.0667039614098688,0.932931215498256
"kullback-leibler8",1.3350865929945,0.145920146234598,0.95,0.0655800946091031,0.934058311900649
