"","est","div","CI","CI_low","CI_high"
"kullback-leibler",4.20456473874519,0.0130304085473823,0.95,0.000999648225275235,0.999999916662248
"kullback-leibler1",4.91588165328734,0.0280294026899761,0.95,0.000310929717466018,0.999999994713004
"kullback-leibler2",10.0667702341676,0.116812732891616,0.95,6.57552503616505e-08,1
"kullback-leibler3",1.06477728676836,0.0713473919399338,0.95,0.106224211082326,0.890819213085131
"kullback-leibler4",1.2402083068682,0.0319555751805236,0.95,0.0714696094078878,0.914347418079981
"kullback-leibler5",2.16933228483473,0.00663321409387091,0.95,0.0264728963695503,0.998085795221328
"kullback-leibler6",1.12839197001584,0.128779228765255,0.95,0.0884158646820088,0.896081271028756
"kullback-leibler7",1.24954750925919,0.140245585164163,0.95,0.0701987007920624,0.915733611846334
"kullback-leibler8",1.26627666506649,0.141697296986904,0.95,0.0679742597618896,0.918165832296185
